,region_id,region_type_id,region_name,region_type,period_begin,period_end,duration,total_homes_sold,total_homes_sold_yoy,average_homes_sold,average_homes_sold_yoy,total_homes_sold_with_price_drops,total_homes_sold_with_price_drops_yoy,average_homes_sold_with_price_drops,average_homes_sold_with_price_drops_yoy,percent_homes_sold_with_price_drops,percent_homes_sold_with_price_drops_yoy,median_sale_price,median_sale_price_yoy,median_sale_ppsf,median_sale_ppsf_yoy,median_days_to_close,median_days_to_close_yoy,price_drops,price_drops_yoy,percent_active_listings_with_price_drops,percent_active_listings_with_price_drops_yoy,pending_sales,pending_sales_yoy,median_pending_sqft,median_pending_sqft_yoy,off_market_in_two_weeks,off_market_in_two_weeks_yoy,off_market_in_one_week,off_market_in_one_week_yoy,percent_off_market_in_two_weeks,percent_off_market_in_two_weeks_yoy,percent_off_market_in_one_week,percent_off_market_in_one_week_yoy,total_new_listings,total_new_listings_yoy,average_new_listings,average_new_listings_yoy,median_new_listing_price,median_new_listing_price_yoy,median_new_listing_ppsf,median_new_listing_ppsf_yoy,inventory,inventory_yoy,total_active_listings,total_active_listings_yoy,active_listings,active_listings_yoy,age_of_inventory,age_of_inventory_yoy,homes_delisted,homes_delisted_yoy,percent_active_listings_delisted,percent_active_listings_delisted_yoy,median_active_list_price,median_active_list_price_yoy,median_active_list_ppsf,median_active_list_ppsf_yoy,average_of_median_list_price_amount,average_of_median_list_price_amount_yoy,average_of_median_offer_price_amount,average_of_median_offer_price_amount_yoy,avg_offer_to_list,avg_offer_to_list_yoy,average_sale_to_list_ratio,average_sale_to_list_ratio_yoy,median_days_on_market,median_days_on_market_yoy,pending_sales_to_sales_ratio,pending_sales_to_sales_ratio_yoy,months_of_supply,months_of_supply_yoy,average_pending_sales_listing_updates,average_pending_sales_listing_updates_yoy,average_percent_off_market_in_one_week_listing_updates,average_percent_off_market_in_one_week_listing_updates_yoy,average_percent_off_market_in_two_weeks_listing_updates,average_percent_off_market_in_two_weeks_listing_updates_yoy,percent_total_price_drops_of_inventory,percent_total_price_drops_of_inventory_yoy,percent_homes_sold_above_list,percent_homes_sold_above_list_yoy,price_drop_percent_of_old_list_price,price_drop_percent_of_old_list_price_yoy,last_updated,average_adjustment_average_homes_delisted,adjusted_average_homes_delisted,average_adjustment_average_homes_sold,adjusted_average_homes_sold,average_adjustment_average_new_listings,adjusted_average_new_listings,average_adjustment_pending_sales,adjusted_pending_sales,adjusted_average_homes_delisted_yoy,adjusted_average_homes_sold_yoy,adjusted_average_new_listings_yoy,adjusted_pending_sales_yoy
2654435,35614,-2,"New York, NY metro area",metro,9/4/2023,9/10/2023,1 weeks,981,-0.214571657,981,-0.214571657,286,-0.264781491,286,-0.264781491,0.291539246,-0.019909914,730000,0.051536828,434.057971,0.063825477,59,-4,873,-0.286764706,0.034508657,-0.007778439,495,-0.149484536,1591,0.07827855,74,0.088235294,24,-0.225806452,0.149494949,0.032656462,0.048484848,-0.004779756,1974,-0.045454545,1974,-0.045454545,848000,0.066666667,516.0839161,0.092883587,24220,-0.124240671,25298,-0.125997582,25298,-0.125997582,82,1,397,-0.101809955,0.01569294,0.0004226,799999,0.08107973,531.2195122,0.172082732,615000,-0.263472613,515000,-0.38507426,0.976511439,0.022719214,1.004571363,0.008007896,47,3,0.504587156,0.038614378,25.78797146,2.613431826,939,-0.17486819,0.052183174,0.03636595,0.12886049,0.078772616,0.036044591,-0.008213436,0.359836901,0.062799271,0.051146577,-0.007142456,12/6/2023 14:30,,397,,981,,1974,,495,-0.101809955,-0.214571657,-0.045454545,-0.149484536
2654495,35614,-2,"New York, NY metro area",metro,9/11/2023,9/17/2023,1 weeks,1135,-0.24131016,1135,-0.24131016,320,-0.254079254,320,-0.254079254,0.281938326,-0.00482638,700000,0.02189781,413.0067568,0.050682666,61,-2,874,-0.27768595,0.033799985,-0.007125403,577,-0.296341463,1600,-0.0144749,108,-0.092436975,46,-0.26984127,0.187175043,0.042053092,0.079722704,0.002893435,1766,-0.118762475,1766,-0.118762475,818500,0.081241744,517.7812099,0.144298762,24639,-0.115359759,25858,-0.125414327,25858,-0.125414327,82,1,409,-0.177062374,0.015817155,-0.000992694,810000,0.082887701,538.4615385,0.182463184,752499.5,0.076537196,751000,0.048882682,1.017118032,0.029151224,1.001025327,0.006773081,53,5,0.508370044,-0.039758298,22.78237885,3.019009871,1129,-0.557775166,0.062887511,0.047219669,0.149689991,0.101119682,0.035472219,-0.007971699,0.313656388,0.030233928,0.051756564,-0.019145381,12/6/2023 14:30,,409,,1135,,1766,,577,-0.177062374,-0.24131016,-0.118762475,-0.296341463
2710303,35614,-2,"New York, NY metro area",metro,9/18/2023,9/24/2023,1 weeks,1044,-0.271458479,1044,-0.271458479,295,-0.341517857,295,-0.341517857,0.28256705,-0.030063795,670500,-0.02826087,393.2624183,-0.031665402,59,-4,689,-0.48,0.026328862,-0.018945517,614,-0.151933702,1600,-0.011735639,129,-0.156862745,36,-0.12195122,0.21009772,-0.001228247,0.058631922,0.002002088,1669,-0.062886019,1669,-0.062886019,819000,0.170001671,511.0579376,0.147940454,25073,-0.095098888,26169,-0.105822456,26169,-0.105822456,80,0,263,-0.454356846,0.010050059,-0.006419564,825000,0.10738255,548.712206,0.202297735,699000,0.08372093,700000,0.152263374,1.004936607,0.039861971,0.995861228,0.00526688,52,3,0.588122605,0.08288883,25.06609195,4.64320291,1085,-0.204545455,0.037788018,0.012861332,0.184331797,0.056032677,0.027479759,-0.020340365,0.33908046,0.071809001,0.053670889,-0.01388523,12/6/2023 14:30,,263,,1044,,1669,,614,-0.454356846,-0.271458479,-0.062886019,-0.151933702
2710363,35614,-2,"New York, NY metro area",metro,9/25/2023,10/1/2023,1 weeks,1259,-0.145281738,1259,-0.145281738,361,-0.267748479,361,-0.267748479,0.286735504,-0.047955602,685000,0.030075188,405.1076368,0.011985013,57,-5,989,-0.202419355,0.037151121,-0.005077458,622,-0.053272451,1517,-0.030361138,115,0.105769231,27,-0.27027027,0.18488746,0.026592178,0.04340836,-0.01290823,1664,-0.042577675,1664,-0.042577675,799999,0.097392318,491.8032787,0.137391029,24867,-0.099674149,26621,-0.093413704,26621,-0.093413704,79,-1,774,0.09631728,0.029074791,0.005031745,835000,0.11631016,559.4569288,0.222701696,919500,0.421174652,917000,0.503278689,0.993611838,0.02916023,0.999305624,0.007259513,54,-3,0.494042891,0.048014378,21.14455917,1.20973229,1268,-0.045180723,0.054416404,0.040109175,0.163249211,0.090960055,0.039771585,-0.005123419,0.340746624,0.078696387,0.055913187,-0.000274239,12/6/2023 14:30,,774,,1259,,1664,,622,0.09631728,-0.145281738,-0.042577675,-0.053272451
2490970,35614,-2,"New York, NY metro area",metro,10/2/2023,10/8/2023,1 weeks,1080,-0.171143515,1080,-0.171143515,333,-0.225581395,333,-0.225581395,0.308333333,-0.021674341,680000,0.011152416,422.9002354,0.082146885,43,-17,929,-0.227763924,0.035258843,-0.006068581,551,-0.145736434,1593,0.062,102,-0.105263158,29,-0.275,0.185117967,0.008373781,0.052631579,-0.009383925,1588,0.014048531,1588,0.014048531,788500,0.126589513,464.8127128,0.062027825,24993,-0.097758204,26348,-0.09485039,26348,-0.09485039,78,-3,436,0.033175355,0.016547746,0.002050511,835000,0.11631016,558.3069094,0.213774717,469000,-0.441001192,364500,-0.571680376,0.946989319,-0.040469225,0.996157027,0.008460975,74,20,0.510185185,0.015173673,24.3962963,2.056311645,1144,-0.267605634,0.054195804,0.033069044,0.16520979,0.066618241,0.037170408,-0.006257627,0.277777778,0.015306558,0.054114179,-0.010909154,12/6/2023 14:30,,436,,1080,,1588,,551,0.033175355,-0.171143515,0.014048531,-0.145736434
2491030,35614,-2,"New York, NY metro area",metro,10/9/2023,10/15/2023,1 weeks,1043,-0.110068259,1043,-0.110068259,349,-0.086387435,349,-0.086387435,0.334611697,0.00867313,670000,-0.017595308,416.2826421,0.039571151,49,-14,988,-0.220205209,0.037305543,-0.00615184,525,-0.177115987,1527,-0.060885609,91,-0.125,29,-0.325581395,0.173333333,0.010323929,0.055238095,-0.012160024,1583,0.025259067,1583,0.025259067,749000,0.012162162,480.3675856,0.105446212,25229,-0.091305287,26484,-0.091613788,26484,-0.091613788,76,-5,405,-0.115720524,0.015292252,-0.000416889,835000,0.11481976,559.2526991,0.212043541,677000,0.267790262,680000,0.36,0.986684126,0.035009437,0.991376158,0.002653267,76,23,0.503355705,-0.041012896,25.39213806,0.5158582,1010,-0.102222222,0.052475248,0.025808581,0.155445545,0.063889989,0.039161283,-0.006473352,0.282837967,0.029424998,0.053353953,0.000810272,12/6/2023 14:30,,405,,1043,,1583,,525,-0.115720524,-0.110068259,0.025259067,-0.177115987
2683187,35614,-2,"New York, NY metro area",metro,10/16/2023,10/22/2023,1 weeks,1127,-0.081499593,1127,-0.081499593,376,-0.102625298,376,-0.102625298,0.333629104,-0.007854189,705000,0.084615385,409.0909091,0.03030303,41,-22,1037,-0.176984127,0.038772153,-0.00424888,597,-0.128467153,1531,0.020666667,111,-0.051282051,41,-0.088888889,0.185929648,0.015126729,0.068676717,0.002983286,1610,0.007509387,1610,0.007509387,799000,0.094522047,475.3239643,0.06092521,25280,-0.090811005,26746,-0.086793226,26746,-0.086793226,75,-6,473,0.120853081,0.017684887,0.003276256,839000,0.120160214,559.1397849,0.206883873,581500,-0.049758967,585000,-0.027431421,1.048824926,0.074012629,0.997060912,0.008162337,72,12,0.529724933,-0.028547275,23.73203194,-0.137568709,1164,-0.088488645,0.054982818,0.026791745,0.16838488,0.08067932,0.04102057,-0.004295021,0.299911269,0.051337512,0.052353998,-0.003479277,12/6/2023 14:30,,473,,1127,,1610,,597,0.120853081,-0.081499593,0.007509387,-0.128467153
2800587,35614,-2,"New York, NY metro area",metro,10/23/2023,10/29/2023,1 weeks,1111,-0.212056738,1111,-0.212056738,341,-0.335282651,341,-0.335282651,0.306930693,-0.056899094,673000,0.01969697,411.8253303,0.031730828,44,-20,1079,-0.16096423,0.040528866,-0.003712224,841,0.222383721,1463,-0.091304348,116,0.148514851,42,-0.045454545,0.137931034,-0.008871291,0.049940547,-0.014012941,1431,0.048351648,1431,0.048351648,775000,0.107301043,462.1052632,0.083827916,24391,-0.116556195,26623,-0.084113114,26623,-0.084113114,72,-10,389,-0.093240093,0.014611426,-0.000147071,840000,0.121495327,562.5,0.21626987,798000,0.15744434,820000,0.179856115,0.953119033,-0.045644536,0.997190059,0.009761717,68.5,10.5,0.756975698,0.269032435,23.96309631,3.347493473,1095,-0.093543046,0.049315068,0.024480631,0.161643836,0.060650458,0.044237629,-0.002341385,0.305130513,0.062577322,0.052561015,-0.010235764,12/6/2023 14:30,,389,,1111,,1431,,841,-0.093240093,-0.212056738,0.048351648,0.222383721
2800647,35614,-2,"New York, NY metro area",metro,10/30/2023,11/5/2023,1 weeks,1111,-0.176426983,1111,-0.176426983,322,-0.290748899,322,-0.290748899,0.289828983,-0.046716606,650000,-0.044117647,403.0944625,0.027326752,46,-15,910,-0.266129032,0.035352162,-0.007490667,788,0.128939828,1400,-0.090909091,105,0.09375,48,0.11627907,0.133248731,-0.004287086,0.060913706,-0.000690879,1431,0.005621926,1431,0.005621926,750000,0.056338028,455.3191489,0.054736818,23471,-0.127309909,25741,-0.110631241,25741,-0.110631241,67,-14,858,-0.095890411,0.033332038,0.000543454,829000,0.106809079,547.6345891,0.18073166,922499.5,0.848696393,875000,0.722440945,0.974304768,0.001395285,0.995900824,0.003968421,69,7,0.709270927,0.191850616,23.16921692,1.714064957,1043,-0.181960784,0.041227229,0.014560562,0.142857143,0.059719888,0.03877125,-0.007333974,0.329432943,0.05886215,0.052972382,-0.009505236,12/6/2023 14:30,,858,,1111,,1431,,788,-0.095890411,-0.176426983,0.005621926,0.128939828
2804105,35614,-2,"New York, NY metro area",metro,11/6/2023,11/12/2023,1 weeks,884,-0.182238668,884,-0.182238668,283,-0.247340426,283,-0.247340426,0.320135747,-0.02769034,697000,0.072307692,406.0768913,0.049249862,47,-12,934,-0.138376384,0.037668885,-0.000859638,924,0.582191781,1318,-0.147477361,109,0.434210526,47,0.175,0.117965368,-0.012171618,0.050865801,-0.01762735,1398,0.057488654,1398,0.057488654,749000,0.071530758,481.417784,0.167410331,22286,-0.167438733,24795,-0.118713346,24795,-0.118713346,66,-14,608,0.28,0.024521073,0.007638187,825000,0.101468625,539.7042835,0.158152798,679499.5,0.359151225,677000,0.374619289,0.97468884,-0.010918695,0.994895854,0.009035886,67,11,1.045248869,0.505008351,28.04864253,2.021815522,1121,-0.207773852,0.04103479,0.017006522,0.143621766,0.065176537,0.041909719,0.001413604,0.279411765,0.040743865,0.053102024,-0.004235903,12/6/2023 14:30,,608,,884,,1398,,924,0.28,-0.182238668,0.057488654,0.582191781
2886575,35614,-2,"New York, NY metro area",metro,11/13/2023,11/19/2023,1 weeks,1075,-0.197761194,1075,-0.197761194,330,-0.23255814,330,-0.23255814,0.306976744,-0.013918778,692000,0.048484848,416.6666667,0.058092625,44,-18,1120,-0.423274974,0.047898046,-0.021675272,611,-0.039308176,1500,-0.031320633,106,0.358974359,46,0.703703704,0.173486088,0.050844579,0.075286416,0.032833586,1164,-0.052117264,1164,-0.052117264,749000,0.087082729,447.5262238,0.066445469,22018,-0.167089086,23383,-0.162289972,23383,-0.162289972,69,-11,517,0.019723866,0.02211008,0.0039465,818000,0.09212283,522.3037832,0.120022409,565000,-0.03829378,575000,0.022222222,1.001196254,0.026417379,0.994586042,0.005633759,68.5,8.5,0.568372093,0.093745227,21.75162791,0.921030892,1067,-0.201944652,0.045923149,0.026476627,0.163074039,0.07780852,0.050867472,-0.02259574,0.314418605,0.064418605,0.052258386,-0.090088988,12/6/2023 14:30,,517,,1075,,1164,,611,0.019723866,-0.197761194,-0.052117264,-0.039308176
2762044,35614,-2,"New York, NY metro area",metro,11/20/2023,11/26/2023,1 weeks,609,-0.248148148,609,-0.248148148,194,-0.368078176,194,-0.368078176,0.318555008,-0.060457337,715000,0.059259259,406.8914956,0.061456075,47,-12.5,415,-0.306020067,0.018331198,-0.003858041,418,-0.007125891,1464,-0.039370079,55,-0.017857143,30,0.428571429,0.131578947,-0.00143768,0.071770335,0.0218891,651,0.179347826,651,0.179347826,700000,0.037037037,430.6207645,0.083413092,21629,-0.165193562,22639,-0.159962894,22639,-0.159962894,74,-9,432,0.158176944,0.019082115,0.00524167,819000,0.093457944,525.3032787,0.120967271,570000,-0.184549356,570000,-0.173913043,0.98276738,0.014181472,0.99181255,0.004454918,65,3,0.6863711,0.166618014,37.17405583,3.902450891,708,-0.134474328,0.032485876,0.01170348,0.124293785,0.044831683,0.019187202,-0.00389358,0.3136289,0.059307912,0.053508172,-0.035460762,12/6/2023 14:30,,432,,609,,651,,418,0.158176944,-0.248148148,0.179347826,-0.007125891
3635983,42644,-2,"Seattle, WA metro area",metro,9/4/2023,9/10/2023,1 weeks,554,-0.205164993,554,-0.205164993,119,-0.512295082,119,-0.512295082,0.214801444,-0.135270292,775000,0,451.1904762,0.03879972,29,0,362,-0.487252125,0.073953013,-0.026231462,480,-0.176672384,1851,0.015916575,262,0.056451613,207,0.169491525,0.545833333,0.120447399,0.43125,0.127647942,919,-0.081918082,919,-0.081918082,785000,0.01029601,471.6981132,0.02324625,4299,-0.313368471,4895,-0.305378175,4895,-0.305378175,38,-6,70,-0.5,0.014300306,-0.005566303,829950,0.037502344,469.8022448,0.074878638,675000,0,670000,0.030769231,0.974649616,-0.006385153,1.003533254,0.01372804,9,-9,0.866425993,0.029984099,8.835740072,-1.274733385,585,-0.197530864,0.367521368,0.105518624,0.48034188,0.118201963,0.084205629,-0.02855591,0.371841155,0.135112317,0.035962813,-0.006685515,12/6/2023 14:30,,70,,554,,919,,480,-0.5,-0.205164993,-0.081918082,-0.176672384
3726204,42644,-2,"Seattle, WA metro area",metro,9/11/2023,9/17/2023,1 weeks,631,-0.273878021,631,-0.273878021,127,-0.615151515,127,-0.615151515,0.201267829,-0.178479007,750000,0.013513514,452.9411765,0.058235294,29,-1,344,-0.514809591,0.06683505,-0.031012039,604,-0.140825036,1780,-0.048128342,369,-0.010723861,309,-0.006430868,0.610927152,0.080343938,0.511589404,0.069199646,856,-0.132725431,856,-0.132725431,822000,0.033962264,474,0.04084701,4414,-0.300142699,5147,-0.289677063,5147,-0.289677063,38,-6,89,-0.485549133,0.017291626,-0.006583615,835000,0.043815238,473.3331316,0.074661999,809000,0.115862069,800000,0.126760563,0.984339229,0.015159107,0.999680556,0.012786812,10,-11,0.957210777,0.148234942,8.156893819,-0.181426089,715,-0.151838671,0.447552448,0.06439705,0.546853147,0.083033455,0.077933847,-0.03448093,0.321711569,0.126084411,0.037095124,-0.009955843,12/6/2023 14:30,,89,,631,,856,,604,-0.485549133,-0.273878021,-0.132725431,-0.140825036
3762831,42644,-2,"Seattle, WA metro area",metro,9/18/2023,9/24/2023,1 weeks,635,-0.19924338,635,-0.19924338,149,-0.482638889,149,-0.482638889,0.234645669,-0.128532137,760000,0.013333333,458.5597826,0.092790849,29,-1,378,-0.434131737,0.072930735,-0.019847043,571,-0.071544715,1890,-0.011506276,389,0.114613181,289,0.124513619,0.681260946,0.113781271,0.506129597,0.088243418,772,-0.1393534,772,-0.1393534,775000,-0.021464646,465.8947368,0.04822651,4495,-0.293238994,5183,-0.280138889,5183,-0.280138889,38,-6,85,-0.487951807,0.016399768,-0.006655787,838000,0.047565473,477.6056039,0.089520995,719000,-0.173563218,719000,-0.153121319,0.980138368,0.011409006,1.000339919,0.013116925,12,-9,0.899212598,0.123676659,8.162204724,-0.917240421,687,-0.101960784,0.449781659,0.088997346,0.61426492,0.125376031,0.084093437,-0.020938009,0.308661417,0.122028378,0.038328664,-0.002533312,12/6/2023 14:30,,85,,635,,772,,571,-0.487951807,-0.19924338,-0.1393534,-0.071544715
3671360,42644,-2,"Seattle, WA metro area",metro,9/25/2023,10/1/2023,1 weeks,748,-0.180722892,748,-0.180722892,174,-0.454545455,174,-0.454545455,0.232620321,-0.11677727,776388.5,0.001791613,440.670227,0.031168331,29,-1,390,-0.488859764,0.074913561,-0.031769884,569,0.028933092,1870,-0.009009009,339,0.215053763,253,0.234146341,0.595782074,0.091261278,0.444639719,0.073934475,717,-0.09469697,717,-0.09469697,785000,0.046666667,450.9690123,0.037462391,4468,-0.290004767,5206,-0.272091723,5206,-0.272091723,38,-6,128,-0.448275862,0.024587015,-0.007851464,827427.5,0.035578849,474.7138881,0.085572136,619995,-0.172236315,620000,-0.132836812,0.98803729,0.020458061,0.997427397,0.011799724,10,-9,0.760695187,0.154999678,6.959893048,-0.873622834,688,0.017751479,0.390988372,0.071461745,0.524709302,0.08979806,0.087287377,-0.033958452,0.282085561,0.063027511,0.03813088,-0.004044407,12/6/2023 14:30,,128,,748,,717,,569,-0.448275862,-0.180722892,-0.09469697,0.028933092
3696428,42644,-2,"Seattle, WA metro area",metro,10/2/2023,10/8/2023,1 weeks,539,-0.261643836,539,-0.261643836,127,-0.517110266,127,-0.517110266,0.235621521,-0.124652451,786000,0.034210526,451.3274336,0.078011386,27,-2,375,-0.524714829,0.07357269,-0.038660596,511,-0.072595281,1790,-0.04685836,302,0.193675889,233,0.378698225,0.590998043,0.131832889,0.455968689,0.149253625,631,-0.147297297,631,-0.147297297,777000,0.057214777,454.5170455,0.033509858,4456,-0.286583413,5097,-0.274964438,5097,-0.274964438,38,-7,99,-0.421052632,0.01942319,-0.004901134,825000,0.033834586,472.972973,0.083870529,644950,-0.167752758,634950,-0.1534,0.984108419,0.019657911,1.000412279,0.014996497,10,-12,0.948051948,0.193257428,9.456400742,-0.173736244,614,-0.113997114,0.405537459,0.153012207,0.535830619,0.151992235,0.084156194,-0.042164651,0.354359926,0.152990063,0.03887557,-0.00493238,12/6/2023 14:30,,99,,539,,631,,511,-0.421052632,-0.261643836,-0.147297297,-0.072595281
3834275,42644,-2,"Seattle, WA metro area",metro,10/9/2023,10/15/2023,1 weeks,547,-0.18358209,547,-0.18358209,131,-0.447257384,131,-0.447257384,0.239488117,-0.114243226,800000,0.025641026,451.0638298,0.022972462,28,-1,341,-0.49556213,0.06644583,-0.030056668,456,-0.112840467,1830,-0.015069968,254,0.049586777,196,0.132947977,0.557017544,0.086200423,0.429824561,0.093248686,681,-0.106299213,681,-0.106299213,775000,0.107158674,455.3571429,0.050093828,4517,-0.277626739,5132,-0.267380443,5132,-0.267380443,38,-6,104,-0.391812865,0.020265004,-0.004146131,824450,0.037044025,473.6767119,0.084892274,969995,0.385806129,950000,0.338028169,0.984121497,0.011306726,1.0018783,0.01488706,8,-9,0.833638026,0.066473846,9.382084095,-1.073139786,605,-0.087481146,0.368595041,0.082018872,0.489256198,0.089557857,0.075492584,-0.032615525,0.33820841,0.123283036,0.041476468,-0.000775568,12/6/2023 14:30,,104,,547,,681,,456,-0.391812865,-0.18358209,-0.106299213,-0.112840467
3831463,42644,-2,"Seattle, WA metro area",metro,10/16/2023,10/22/2023,1 weeks,601,-0.096240602,601,-0.096240602,123,-0.450892857,123,-0.450892857,0.204658902,-0.132183203,775000,0.054421769,454.2566508,0.039284156,29,0,420,-0.395683453,0.082127493,-0.017886897,448,-0.093117409,1893,0.037828947,261,0.134782609,203,0.215568862,0.582589286,0.117002241,0.453125,0.11506832,605,-0.130747126,605,-0.130747126,765000,0.055172414,453.121875,0.02499515,4498,-0.272286038,5114,-0.264066772,5114,-0.264066772,39,-6,125,-0.371859296,0.024442706,-0.004194508,816750,0.028658871,471.7361534,0.079949433,792000,0.092489137,750000,0.034482759,0.976002216,0.002821781,1.002026042,0.01382202,10,-7,0.745424293,0.00256715,8.509151414,-1.940472646,564,-0.133640553,0.382978723,0.112625421,0.508865248,0.126376769,0.093374833,-0.019066519,0.327787022,0.103726871,0.036585223,-0.004426873,12/6/2023 14:30,,125,,601,,605,,448,-0.371859296,-0.096240602,-0.130747126,-0.093117409
3729122,42644,-2,"Seattle, WA metro area",metro,10/23/2023,10/29/2023,1 weeks,603,-0.062208398,603,-0.062208398,152,-0.358649789,152,-0.358649789,0.252072968,-0.11651179,736000,-0.056410256,451.9230769,0.062588882,29,0,354,-0.473214286,0.070899259,-0.028523733,449,-0.105577689,1812,0.000552181,249,0.0969163,203,0.326797386,0.554565702,0.102374466,0.452115813,0.147334936,504,-0.134020619,504,-0.134020619,739500,-0.045806452,443.132485,0.045371886,4396,-0.268430687,4993,-0.261281255,4993,-0.261281255,45,-1,103,-0.457894737,0.02062888,-0.007481787,810000,0.018932008,474.2765273,0.085765132,775000,0.016726796,775000,0.061643836,0.988776961,0.022967339,0.998827223,0.01642681,12,-7,0.744610282,-0.036105115,8.28026534,-2.231398735,547,-0.153250774,0.382084095,0.129762114,0.473491773,0.091138832,0.080527753,-0.031304499,0.328358209,0.130846545,0.036560999,-0.002931182,12/6/2023 14:30,,103,,603,,504,,449,-0.457894737,-0.062208398,-0.134020619,-0.105577689
3810945,42644,-2,"Seattle, WA metro area",metro,10/30/2023,11/5/2023,1 weeks,590,0.074681239,590,0.074681239,159,-0.235576923,159,-0.235576923,0.269491525,-0.109379149,794500,0.095862069,447.8664495,0.10203654,28,-1,335,-0.441666667,0.068591319,-0.02218024,446,-0.074688797,1820.5,-0.026470588,233,0.170854271,180,0.276595745,0.522421525,0.109558454,0.403587444,0.111056324,491,-0.183028286,491,-0.183028286,759900,0.062797203,455.3960396,0.077754083,4207,-0.269998265,4884,-0.261119516,4884,-0.261119516,46,-5,180,-0.338235294,0.036855037,-0.004294736,810000,0.025316456,472.4754291,0.079573994,749000,-0.097590361,685000,-0.14375,0.977135044,0.008510583,0.997561662,0.013896279,13,-7,0.755932203,-0.122027724,8.277966102,-3.762106758,556,-0.094462541,0.334532374,0.095118693,0.447841727,0.110708176,0.079629189,-0.024483252,0.310169492,0.122555648,0.03642625,-0.006906583,12/6/2023 14:30,,180,,590,,491,,446,-0.338235294,0.074681239,-0.183028286,-0.074688797
3830649,42644,-2,"Seattle, WA metro area",metro,11/6/2023,11/12/2023,1 weeks,448,-0.118110236,448,-0.118110236,104,-0.446808511,104,-0.446808511,0.232142857,-0.137935883,785450,0.061418919,438.9794956,0.031124442,28,-2,323,-0.33126294,0.068855255,-0.008772518,443,0.016055046,1735,0.051833889,230,0.4375,177,0.404761905,0.519187359,0.152214882,0.399548533,0.110557707,486,0.051948052,486,0.051948052,759000,0.046896552,460.9179198,0.018490475,4047,-0.269889951,4691,-0.246062359,4691,-0.246062359,51,-1,157,-0.087209302,0.033468344,0.005824499,799990,0.017863732,472.2972973,0.076891682,950000,0.371846108,925000,0.423076923,0.977982066,0.021558393,0.995078362,0.014888082,11,-9.5,0.988839286,0.130571569,10.47098214,-1.777049353,541,-0.059130435,0.33271719,0.103151973,0.434380776,0.140467733,0.079812207,-0.007324723,0.263392857,0.066542463,0.038478251,-0.003335764,12/6/2023 14:30,,157,,448,,486,,443,-0.087209302,-0.118110236,0.051948052,0.016055046
3839035,42644,-2,"Seattle, WA metro area",metro,11/13/2023,11/19/2023,1 weeks,586,-0.159253945,586,-0.159253945,149,-0.444029851,149,-0.444029851,0.254266212,-0.13023881,762500,0.037414966,442.7361908,0.10266372,29,-1,266,-0.449275362,0.059375,-0.019987471,404,-0.110132159,1766,-0.030735456,213,0.097938144,175,0.206896552,0.527227723,0.099914947,0.433168317,0.113785057,436,-0.198529412,436,-0.198529412,726950,0.014742699,457.711871,0.054721995,3862,-0.273103708,4480,-0.263884325,4480,-0.263884325,52,-1,166,-0.32244898,0.037053571,-0.003202755,799950,0.017812838,474.3257637,0.079318485,732450,0.065381818,733750,0.120229008,0.980738184,0.028400558,0.997962473,0.019865486,14,-9,0.689419795,0.038056811,7.645051195,-1.086656123,490,-0.13884007,0.373469388,0.123908755,0.475510204,0.132803701,0.06887623,-0.022032861,0.30887372,0.128098971,0.036899254,-0.00680829,12/6/2023 14:30,,166,,586,,436,,404,-0.32244898,-0.159253945,-0.198529412,-0.110132159
3415642,42644,-2,"Seattle, WA metro area",metro,11/20/2023,11/26/2023,1 weeks,368,-0.152073733,368,-0.152073733,111,-0.4,111,-0.4,0.301630435,-0.124636846,765935,0.061594328,435.7241632,0.094415377,27,-2,113,-0.440594059,0.028193613,-0.008721592,346,0.168918919,1720,0.04021772,161,0.45045045,118,0.552631579,0.465317919,0.090317919,0.341040462,0.084283706,151,-0.05625,151,-0.05625,699000,0.027948735,449.943757,0.187818694,3509,-0.293110395,4008,-0.26754386,4008,-0.26754386,59,0,117,-0.22,0.029191617,0.001779336,799950,0.019044586,475.3262773,0.078395141,850000,0.133333333,825000,0.111111111,0.981088749,0.016328974,0.997858742,0.017281222,17,-11,0.940217391,0.258189742,10.89130435,-1.716990583,412,-0.014354067,0.279126214,0.099700376,0.405339806,0.127827844,0.032202907,-0.008490083,0.266304348,0.09118914,0.035836351,-0.005871224,12/6/2023 14:30,,117,,368,,151,,346,-0.22,-0.152073733,-0.05625,0.168918919
4094632,33124,-2,"Miami, FL metro area",metro,9/4/2023,9/10/2023,1 weeks,422,0,422,0,92,-0.123809524,92,-0.123809524,0.218009479,-0.030805687,510000,0.108695652,369.4968553,0.094386921,20.5,-0.5,334,-0.118733509,0.030885889,-0.000548133,288,-0.124620061,1346.5,-0.045035461,82,0.154929577,40,0.111111111,0.284722222,0.068916751,0.138888889,0.029466396,726,-0.052219321,726,-0.052219321,590000,0.156862745,417.8822529,0.12777861,10270,-0.10290007,10814,-0.103093639,10814,-0.103093639,72,4,140,-0.18128655,0.012946181,-0.001236452,649000,0.055284553,484.6521271,0.091740579,700000,1.295081967,710000,1.366666667,1.014285714,0.033153639,0.96768949,-0.002771132,52,4,0.682464455,-0.097156398,25.62559242,-2.94549763,541,-0.086148649,0.146025878,0.034539392,0.299445471,0.078161688,0.032521908,-0.000584311,0.201421801,0.009478673,0.053226628,0.002734293,12/6/2023 14:30,,140,,422,,726,,288,-0.18128655,0,-0.052219321,-0.124620061
4082951,33124,-2,"Miami, FL metro area",metro,9/11/2023,9/17/2023,1 weeks,524,-0.045537341,524,-0.045537341,131,-0.070921986,131,-0.070921986,0.25,-0.006830601,508000,0.04742268,376.9230769,0.111629242,21,0,370,-0.063291139,0.033496288,0.001100651,328,-0.125333333,1338,0.007150922,80,-0.111111111,39,-0.093023256,0.243902439,0.003902439,0.118902439,0.004235772,822,0.068920676,822,0.068920676,544950,0.048182343,411.2299465,0.101462892,10402,-0.093270572,11046,-0.094070368,11046,-0.094070368,69,0,196,-0.034482759,0.01774398,0.001095083,645250,0.057786885,482.1958457,0.088043366,620000,0.319148936,610000,0.355555556,0.985319477,0.040073174,0.968482763,0.001898964,53,3,0.625954198,-0.057105911,21.08015267,-1.129319095,585,-0.161891117,0.126495726,0.010449881,0.263247863,0.01826219,0.035570083,0.001138423,0.179389313,-0.013689011,0.046757844,-0.002932384,12/6/2023 14:30,,196,,524,,822,,328,-0.034482759,-0.045537341,0.068920676,-0.125333333
4077409,33124,-2,"Miami, FL metro area",metro,9/18/2023,9/24/2023,1 weeks,490,-0.061302682,490,-0.061302682,108,-0.312101911,108,-0.312101911,0.220408163,-0.08035812,500000,0.030927835,370.9169694,0.062736786,22,-1,409,-0.059770115,0.036750831,0.00105413,294,-0.203252033,1310,-0.007951534,74,-0.212765957,39,-0.048780488,0.25170068,-0.003041867,0.132653061,0.02154195,781,0.059701493,781,0.059701493,575000,0.107899807,412.6690783,0.084730149,10553,-0.084656085,11129,-0.086738881,11129,-0.086738881,68,-5,162,-0.018181818,0.014556564,0.001016436,649000,0.063934426,484.6081711,0.092232263,995000,0.606133979,928000,0.613913043,0.930746298,0.017257715,0.97273178,0.001694117,47,-2.5,0.6,-0.106896552,22.7122449,-0.632582688,559,-0.174298375,0.135957066,0.020742886,0.27549195,0.005181758,0.038756752,0.001025812,0.189795918,0.005887872,0.048093454,-0.006791774,12/6/2023 14:30,,162,,490,,781,,294,-0.018181818,-0.061302682,0.059701493,-0.203252033
4089523,33124,-2,"Miami, FL metro area",metro,9/25/2023,10/1/2023,1 weeks,554,-0.024647887,554,-0.024647887,125,-0.161073826,125,-0.161073826,0.225631769,-0.036692175,511250,0.087765957,356.3874968,0.039907978,21,-1,376,0.056179775,0.033374756,0.003989696,346,0.064615385,1395,0.041822255,90,0.40625,41,0.322580645,0.260115607,0.06319253,0.11849711,0.023112494,746,0.226973684,746,0.226973684,577000,0.098106385,412.3027901,0.066491693,10586,-0.072948594,11266,-0.070078415,11266,-0.070078415,68,-6,218,-0.095435685,0.019350257,-0.000542438,650000,0.06557377,484.4563651,0.088544892,725000,-0.161849711,700000,-0.31372549,0.965517241,0.024195832,0.968262067,0.003420898,49,-6,0.624548736,0.052365638,20.33574007,-0.99348528,567,0.065789474,0.134038801,0.030655342,0.308641975,0.088717163,0.035518609,0.004342499,0.189530686,0.029319418,0.04909531,-0.002671692,12/6/2023 14:30,,218,,554,,746,,346,-0.095435685,-0.024647887,0.226973684,0.064615385
4075703,33124,-2,"Miami, FL metro area",metro,10/2/2023,10/8/2023,1 weeks,441,-0.103658537,441,-0.103658537,125,-0.038461538,125,-0.038461538,0.283446712,0.01921907,518000,0.07357513,369.2713945,0.079076021,23,0,477,0.101616628,0.042137809,0.006349728,316,-0.003154574,1351,-0.002215657,89,0.816326531,52,1.166666667,0.28164557,0.127071437,0.164556962,0.088847183,768,0.097142857,768,0.097142857,575000,0.084907707,418.721564,0.050499382,10703,-0.065811294,11320,-0.064385486,11320,-0.064385486,68,-7,186,-0.083743842,0.016431095,-0.000347151,650000,0.06557377,483.8709677,0.085516351,,,,,,,0.967588923,-0.001721781,57,6,0.716553288,0.072244345,25.66893424,1.077470826,551,0.033771107,0.157894737,0.073466969,0.301270417,0.096767603,0.044566944,0.006773455,0.199546485,0.018652176,0.048540043,-0.00306364,12/6/2023 14:30,,186,,441,,768,,316,-0.083743842,-0.103658537,0.097142857,-0.003154574
3649290,33124,-2,"Miami, FL metro area",metro,10/9/2023,10/15/2023,1 weeks,441,-0.126732673,441,-0.126732673,133,-0.125,133,-0.125,0.301587302,0.000597203,515000,0.06185567,369.2528736,0.062191245,18,-4,450,0.041666667,0.039222522,0.003696207,298,0.056737589,1363,0.077044646,78,0.733333333,34,0.619047619,0.261744966,0.102170498,0.11409396,0.039625875,802,0.101648352,802,0.101648352,565000,0.066037736,403.1117397,0.042465708,10882,-0.059626685,11473,-0.056496711,11473,-0.056496711,67,-9,162,-0.024096386,0.014120108,0.000468792,650000,0.06557377,481.01983,0.078524462,679999,,650000,,0.955883759,,0.967495442,0.000580562,58,-1,0.675736961,0.11732112,26.01587302,1.936665095,551,0.099800399,0.132486388,0.042666029,0.290381125,0.094772343,0.041352693,0.004021203,0.154195011,0.003699962,0.045249029,-0.005932097,12/6/2023 14:30,,162,,441,,802,,298,-0.024096386,-0.126732673,0.101648352,0.056737589
4058398,33124,-2,"Miami, FL metro area",metro,10/16/2023,10/22/2023,1 weeks,491,-0.048449612,491,-0.048449612,143,-0.033783784,143,-0.033783784,0.291242363,0.004420657,525000,0.117021277,371.7472119,0.058594441,20,-2,456,0.0155902,0.039138271,0.002553899,289,-0.058631922,1311.5,-0.025631501,81,0.157142857,50,0.785714286,0.280276817,0.052263787,0.173010381,0.081805169,812,0.12465374,812,0.12465374,584999.5,0.103772642,430.5555556,0.080450734,11050,-0.04978932,11651,-0.050680355,11651,-0.050680355,67,-9,199,0.069892473,0.017080079,0.00192486,650000,0.06557377,483.8709677,0.082920142,535000,1.229166667,525000,0.510791367,0.981308411,0.023107353,0.964638805,-0.000714385,56,-5,0.588594705,-0.006366536,23.72912424,-0.055759485,484,-0.123188406,0.138429752,0.026110911,0.276859504,0.030482693,0.041266968,0.002656598,0.156822811,0.003722035,0.044676906,-0.011689405,12/6/2023 14:30,,199,,491,,812,,289,0.069892473,-0.048449612,0.12465374,-0.058631922
4054952,33124,-2,"Miami, FL metro area",metro,10/23/2023,10/29/2023,1 weeks,415,-0.171656687,415,-0.171656687,110,-0.294871795,110,-0.294871795,0.265060241,-0.046317005,489000,0.01875,350.9108909,0.031218382,19,-2,508,0.131403118,0.043039905,0.006715983,306,-0.012903226,1321,0.03689168,81,0.285714286,37,0.275862069,0.264705882,0.061480076,0.120915033,0.027366646,794,0.054448871,794,0.054448871,560000,0.066666667,412.5,0.060253906,11186,-0.047189097,11803,-0.045141979,11803,-0.045141979,66,-10,203,0.180232558,0.017199017,0.003284285,650000,0.06557377,483.7012987,0.080514888,,,,,,,0.970941621,0.006991095,49.5,-0.5,0.737349398,0.118586923,28.44096386,3.768309165,500,-0.060150376,0.122,0.031774436,0.278,0.063714286,0.04541391,0.007168595,0.202409639,0.036740976,0.047867335,-0.006444516,12/6/2023 14:30,,203,,415,,794,,306,0.180232558,-0.171656687,0.054448871,-0.012903226
4067163,33124,-2,"Miami, FL metro area",metro,10/30/2023,11/5/2023,1 weeks,486,-0.076045627,486,-0.076045627,121,-0.047244094,121,-0.047244094,0.248971193,0.007526326,515000,0.06924115,366.3003663,0.090087857,23,-1,548,0.268518519,0.045804079,0.011138696,292,-0.016835017,1270,-0.037149356,60,0.016949153,29,-0.033333333,0.205479452,0.006826253,0.099315068,-0.001695033,818,0.090666667,818,0.090666667,595000,0.083788707,443.775974,0.173409922,11266,-0.044525486,11964,-0.039961483,11964,-0.039961483,66,-10,286,0.112840467,0.023905048,0.003282355,650000,0.050080775,486.2700229,0.08578792,585000,-0.21942758,565000,-0.18705036,0.934085534,0.00754069,0.967135742,0.007278438,48,-3,0.600823045,0.036184262,24.61728395,0.925268741,503,-0.038240918,0.079522863,-0.039023982,0.206759443,-0.018861972,0.048641931,0.012003818,0.158436214,-0.010765307,0.045365991,-0.003377686,12/6/2023 14:30,,286,,486,,818,,292,0.112840467,-0.076045627,0.090666667,-0.016835017
3989467,33124,-2,"Miami, FL metro area",metro,11/6/2023,11/12/2023,1 weeks,347,-0.069705094,347,-0.069705094,86,-0.196261682,86,-0.196261682,0.247838617,-0.039024654,500000,0.062055928,362.745098,0.063876126,20,0,500,0.291989664,0.041642375,0.010694754,310,0.107142857,1301,-0.008384146,92,0.277777778,44,0.257142857,0.296774194,0.039631336,0.141935484,0.016935484,775,0.06456044,775,0.06456044,575000,0.046501047,432.7463237,0.098598667,11396,-0.046439628,12007,-0.03982407,12007,-0.03982407,66,-13,223,0.238888889,0.018572499,0.004178257,650000,0.041666667,488.0368882,0.083444059,589000,0.042570139,530000,-0.004694836,0.899830221,-0.022339595,0.96989412,0.007664332,50,-8,0.893371758,0.142701517,34.60230548,1.076836307,515,0.066252588,0.137864078,0.011570082,0.291262136,0.026251784,0.043875044,0.011492816,0.161383285,0.016611167,0.047751109,-0.005943239,12/6/2023 14:30,,223,,347,,775,,310,0.238888889,-0.069705094,0.06456044,0.107142857
4071001,33124,-2,"Miami, FL metro area",metro,11/13/2023,11/19/2023,1 weeks,427,-0.207792208,427,-0.207792208,123,-0.240740741,123,-0.240740741,0.288056206,-0.01250038,525000,0.124197002,371.4063714,0.104371042,19,-1,511,0.055785124,0.042206988,0.003967278,299,-0.03236246,1380,0.103117506,75,0.209677419,39,0.114285714,0.25083612,0.050188871,0.130434783,0.017166174,748,0.043235704,748,0.043235704,565000,0.132264529,437.1104938,0.143311031,11479,-0.044769909,12107,-0.043454215,12107,-0.043454215,67,-12,229,0.180412371,0.018914677,0.003587191,655000,0.056451613,491.8054277,0.092081524,,,,,,,0.964014206,0.004063429,60,-3,0.700234192,0.126950333,28.35362998,4.871255208,486,-0.08988764,0.098765432,-0.026702733,0.224279835,-0.007929902,0.044516073,0.004239798,0.161592506,0.024301226,0.046725093,-0.004042065,12/6/2023 14:30,,229,,427,,748,,299,0.180412371,-0.207792208,0.043235704,-0.03236246
4061440,33124,-2,"Miami, FL metro area",metro,11/20/2023,11/26/2023,1 weeks,268,-0.138263666,268,-0.138263666,85,-0.086021505,85,-0.086021505,0.317164179,0.018128809,512500,0.067708333,366.6666667,0.046249271,19,1,296,0.042253521,0.024786468,0.001894319,174,-0.089005236,1332,0.010622155,44,0.189189189,20,-0.090909091,0.252873563,0.059156286,0.114942529,-0.000240717,497,0.224137931,497,0.224137931,560000,0.072899703,426.4740363,0.049178457,11520,-0.039359573,11942,-0.037401257,11942,-0.037401257,69,-13,180,0.276595745,0.015072852,0.003707384,659000,0.056089744,494.1176471,0.09110406,,,,,,,0.962119629,0.001171384,50,-9,0.649253731,0.035105821,44.55970149,4.669026251,339,-0.023054755,0.09439528,-0.038169561,0.253687316,0.017376076,0.025694444,0.002011989,0.130597015,-0.017312953,0.045603215,-0.005555749,12/6/2023 14:30,,180,,268,,497,,174,0.276595745,-0.138263666,0.224137931,-0.089005236
